Title,URL
paket lama,https://tanyapaket.cekresi.com/question/paket-lama-57/
cek paket wahana,https://tanyapaket.cekresi.com/question/cek-paket-wahana-2/
Nomor resi tidak bisa dilacak,https://tanyapaket.cekresi.com/question/nomor-resi-tidak-bisa-dilacak-41/
Asking my package,https://tanyapaket.cekresi.com/question/asking-my-package-4/
"Paket dengan nomor resi 200457540760,gk jalan dari kemarin,saya gk tau udah dimana sekarang 🙏🙏",https://tanyapaket.cekresi.com/question/paket-dengan-nomor-resi-200457540760gk-jalan-dari-kemarinsaya-gk-tau-udah-dimana-sekarang-%f0%9f%99%8f%f0%9f%99%8f/
Paket saya sudah di terima sama yang bersangkutan tapi foto rumah nya buka. Rumah saya,https://tanyapaket.cekresi.com/question/paket-saya-sudah-di-terima-sama-yang-bersangkutan-tapi-foto-rumah-nya-buka-rumah-saya/
paket belum sampai dari tgl 13 maret 2024,https://tanyapaket.cekresi.com/question/paket-belum-sampai-dari-tgl-13-maret-2024/
paket mengalami kendala pengiriman,https://tanyapaket.cekresi.com/question/paket-mengalami-kendala-pengiriman/
Tanya paket,https://tanyapaket.cekresi.com/question/tanya-paket-2693/
Paket tidak bisa dilacak.,https://tanyapaket.cekresi.com/question/paket-tidak-bisa-dilacak-166/
Resi IDD902221414163,https://tanyapaket.cekresi.com/question/resi-idd902221414163/
"cek resi paket dari jkt ke bandung, ternyata nyasar ke tasikmalaya..",https://tanyapaket.cekresi.com/question/cek-resi-paket-dari-jkt-ke-bandung-ternyata-nyasar-ke-tasikmalaya/
"Paket belum sampai dari tanggal 11 maret 2024, no resi 10008523161439",https://tanyapaket.cekresi.com/question/paket-belum-sampai-dari-tanggal-11-maret-2024-no-resi-10008523161439/
Paket dengan resi JB0056731817 kenapa tidak bisa dilacak,https://tanyapaket.cekresi.com/question/paket-dengan-resi-jb0056731817-kenapa-tidak-bisa-dilacak/
Di mana posisi paket saya???,https://tanyapaket.cekresi.com/question/di-mana-posisi-paket-saya/
paket nyetuck 2 hari di palembang,https://tanyapaket.cekresi.com/question/paket-nyetuck-2-hari-di-palembang/
Paket Tidak datang selama 1 bulan lebih,https://tanyapaket.cekresi.com/question/paket-tidak-datang-selama-1-bulan-lebih/
kapan paket saya sampai ya?,https://tanyapaket.cekresi.com/question/kapan-paket-saya-sampai-ya/
SPXID046864595393,https://tanyapaket.cekresi.com/question/spxid046864595393/
Paket nyangkut padahal harusnya sampai 3 hari yang lalu,https://tanyapaket.cekresi.com/question/paket-nyangkut-padahal-harusnya-sampai-3-hari-yang-lalu/
Paket ga bergerak dari Surabaya,https://tanyapaket.cekresi.com/question/paket-ga-bergerak-dari-surabaya/
PAKET TERTAHAN DI SORTING CENTER PANCORAN MAS,https://tanyapaket.cekresi.com/question/paket-tertahan-di-sorting-center-pancoran-mas/
tidak diterima pemilik,https://tanyapaket.cekresi.com/question/tidak-diterima-pemilik/
paker saya stuck di kota tujuan.,https://tanyapaket.cekresi.com/question/paker-saya-stuck-di-kota-tujuan/
status pengiriman dokumen dari tgl 8 Maret tidak bergerak,https://tanyapaket.cekresi.com/question/status-pengiriman-dokumen-dari-tgl-8-maret-tidak-bergerak/
Jne lemot katanya sehari lah malah nyetuck,https://tanyapaket.cekresi.com/question/jne-lemot-katanya-sehari-lah-malah-nyetuck/
Kapan paket saya sampai,https://tanyapaket.cekresi.com/question/kapan-paket-saya-sampai-61/
Paket dgn resi 1307477615 kenapa tidak bisa dilacak perjalanannya,https://tanyapaket.cekresi.com/question/paket-dgn-resi-1307477615-kenapa-tidak-bisa-dilacak-perjalanannya/
Konfirmasi paket,https://tanyapaket.cekresi.com/question/konfirmasi-paket-7/
Mengapa paket statusnya tertahan?,https://tanyapaket.cekresi.com/question/mengapa-paket-statusnya-tertahan/
Resi Tidak Bisa DiLacak,https://tanyapaket.cekresi.com/question/resi-tidak-bisa-dilacak-128/
Paket Tidak Bergerak,https://tanyapaket.cekresi.com/question/paket-tidak-bergerak-7905/
Apakah paket saya sudah dikirim?,https://tanyapaket.cekresi.com/question/apakah-paket-saya-sudah-dikirim-4/
paket dg no resi JX0222305580 ko dri tangal 15masi nyangkut di bandung smpe skarang gk nyampe nyampe,https://tanyapaket.cekresi.com/question/paket-dg-no-resijx0222305580-ko-dri-tangal-15masi-nyangkut-di-bandung-smpe-skarang-gk-nyampe-nyampe/
jangan dikirim dulu ke alamat tujuan,https://tanyapaket.cekresi.com/question/jangan-dikirim-dulu-ke-alamat-tujuan/
Apakah psket saya sudah di kirim,https://tanyapaket.cekresi.com/question/apakah-psket-saya-sudah-di-kirim/
Paket Stuck Di Gateway Bulkhub udah 3 hari. JT41856531912,https://tanyapaket.cekresi.com/question/paket-stuck-di-gateway-bulkhub-udah-3-hari-jt41856531912/
"Status sudah terkirim, aket bel diterima",https://tanyapaket.cekresi.com/question/status-sudah-terkirim-aket-bel-diterima/
paket msh stuck sudah lebih dr 4 hari,https://tanyapaket.cekresi.com/question/paket-msh-stuck-sudah-lebih-dr-4-hari/
tanya paket berhenti di hub 2 hari tdk bergerak,https://tanyapaket.cekresi.com/question/tanya-paket-berhenti-di-hub-2-hari-tdk-bergerak/
resi di paket tulisan nya pudar jadi kurang jelas untuk saya melihatnya,https://tanyapaket.cekresi.com/question/resi-di-paket-tulisan-nya-pudar-jadi-kurang-jelas-untuk-saya-melihatnya/
Paket Belum sampai,https://tanyapaket.cekresi.com/question/paket-belum-sampai-2453/
Paket tidak sampai ke alamat tujuan,https://tanyapaket.cekresi.com/question/paket-tidak-sampai-ke-alamat-tujuan-2/
Paket tertulis sudah sampai namun terntara belum diterima,https://tanyapaket.cekresi.com/question/paket-tertulis-sudah-sampai-namun-terntara-belum-diterima/
JANGAN PAKAI JNE,https://tanyapaket.cekresi.com/question/jangan-pakai-jne/
paket tidak bergerak,https://tanyapaket.cekresi.com/question/paket-tidak-bergerak-7904/
Paket freeze,https://tanyapaket.cekresi.com/question/paket-freeze/
Pket tidak bergerak JP 3739811647,https://tanyapaket.cekresi.com/question/pket-tidak-bergerak-jp-3739811647/
PAKET TIDAK BERGERAK,https://tanyapaket.cekresi.com/question/paket-tidak-bergerak-7903/
Paket belum sampai,https://tanyapaket.cekresi.com/question/paket-belum-sampai-2452/
ko saya cek di maps sudah tutup permanen?,https://tanyapaket.cekresi.com/question/ko-saya-cek-di-maps-sudah-tutup-permanen/
Paket tidak bergerak,https://tanyapaket.cekresi.com/question/paket-tidak-bergerak-7902/
"STATUS DELIVERED, TAPI PENERIMA BUKAN YANG DITUJU",https://tanyapaket.cekresi.com/question/status-delivered-tapi-penerima-bukan-yang-dituju/
Paket stuk,https://tanyapaket.cekresi.com/question/paket-stuk-6/
Rute pengiriman,https://tanyapaket.cekresi.com/question/rute-pengiriman/
004288581983,https://tanyapaket.cekresi.com/question/004288581983/
paket tidak bergerak,https://tanyapaket.cekresi.com/question/paket-tidak-bergerak-7901/
IDS903639923677,https://tanyapaket.cekresi.com/question/ids903639923677/
Paket j&t carglo saya sudah sampai di kota saya apakah besok akan dikirim?,https://tanyapaket.cekresi.com/question/paket-jt-carglo-saya-sudah-sampai-di-kota-saya-apakah-besok-akan-dikirim/
STATUS On Process INPUT TANGGAL KOSONG,https://tanyapaket.cekresi.com/question/status-on-process-input-tanggal-kosong/
Cek resi JD0377622488,https://tanyapaket.cekresi.com/question/cek-resi-jd0377622488/
8811622400500198,https://tanyapaket.cekresi.com/question/8811622400500198/
Paket saya tidak bergerak. Dan sudah melewati estimasi waktu.,https://tanyapaket.cekresi.com/question/paket-saya-tidak-bergerak-dan-sudah-melewati-estimasi-waktu/
paket tidak bergerak dari 14 maret,https://tanyapaket.cekresi.com/question/paket-tidak-bergerak-dari-14-maret/
Paket tidak bergerak,https://tanyapaket.cekresi.com/question/paket-tidak-bergerak-7900/
Paket tidak bergerak,https://tanyapaket.cekresi.com/question/paket-tidak-bergerak-7899/
Paket tidak bergerak,https://tanyapaket.cekresi.com/question/paket-tidak-bergerak-7898/
"Resi tidak terdaftar, beli ditiktok. Jln ditempat. 570001224188",https://tanyapaket.cekresi.com/question/resi-tidak-terdaftar-beli-ditiktok-jln-ditempat-570001224188/
Paket tidak bergerak,https://tanyapaket.cekresi.com/question/paket-tidak-bergerak-7897/
Kenapa nomor resi saya tidak dapat dilacak? Padahal kemarin bisa. Nomor resi 067950003674422,https://tanyapaket.cekresi.com/question/kenapa-nomor-resi-saya-tidak-dapat-dilacak-padahal-kemarin-bisa-nomor-resi-067950003674422/
Paket Tidak Bergerak,https://tanyapaket.cekresi.com/question/paket-tidak-bergerak-7896/
Pengambilan paket ditempat yg tdk sesuai dengan alamat pengiriman,https://tanyapaket.cekresi.com/question/pengambilan-paket-ditempat-yg-tdk-sesuai-dengan-alamat-pengiriman/
Paket tidak bergerak,https://tanyapaket.cekresi.com/question/paket-tidak-bergerak-7895/
Resi 280450009790423 gk jalan,https://tanyapaket.cekresi.com/question/resi-280450009790423-gk-jalan/
paket saya belum sampai,https://tanyapaket.cekresi.com/question/paket-saya-belum-sampai-157/
Delivered tapi belum terkirim,https://tanyapaket.cekresi.com/question/delivered-tapi-belum-terkirim-2/
Gimana caranya saya visa tahu paket saya sedangkan resi saya tidak bisa di lacak,https://tanyapaket.cekresi.com/question/gimana-caranya-saya-visa-tahu-paket-saya-sedangkan-resi-saya-tidak-bisa-di-lacak/
Paket dari alahan panjang tidak bergerak,https://tanyapaket.cekresi.com/question/paket-dari-alahan-panjang-tidak-bergerak/
Kapan paket sampai?,https://tanyapaket.cekresi.com/question/kapan-paket-sampai-25/
status paket tidak berubah dari tgl 9 dan tidak ada update paket dimana selama 6 hari,https://tanyapaket.cekresi.com/question/status-paket-tidak-berubah-dari-tgl-9-dan-tidak-ada-update-paket-dimana-selama-6-hari/
status paket gak berubah,https://tanyapaket.cekresi.com/question/status-paket-gak-berubah-4/
PAKET TIDAK BERGERAK,https://tanyapaket.cekresi.com/question/paket-tidak-bergerak-7894/
Paket tidak bergerak dari tanggal 11 maret 2024,https://tanyapaket.cekresi.com/question/paket-tidak-bergerak-dari-tanggal-11-maret-2024/
belum sampai sudah telat lama,https://tanyapaket.cekresi.com/question/belum-sampai-sudah-telat-lama/
PAKET BELUM DITERIMA,https://tanyapaket.cekresi.com/question/paket-belum-diterima-385/
Paket tidak bisa dilacak,https://tanyapaket.cekresi.com/question/paket-tidak-bisa-dilacak-165/
Pengirim paket sal,https://tanyapaket.cekresi.com/question/pengirim-paket-sal/
Paket tidak bergerak,https://tanyapaket.cekresi.com/question/paket-tidak-bergerak-7893/
Paket tidak bergerak,https://tanyapaket.cekresi.com/question/paket-tidak-bergerak-7892/
Paket tidak bergerak sudah lebih dari 1 hari ( JNE YES ),https://tanyapaket.cekresi.com/question/paket-tidak-bergerak-sudah-lebih-dari-1-hari-jne-yes/
Paket tidak bergerak,https://tanyapaket.cekresi.com/question/paket-tidak-bergerak-7891/
NLIDAP1741871759,https://tanyapaket.cekresi.com/question/nlidap1741871759/
Paket tidak bergerak dari 12 Maret 2024,https://tanyapaket.cekresi.com/question/paket-tidak-bergerak-dari-12-maret-2024/
Paket tidak berjalan,https://tanyapaket.cekresi.com/question/paket-tidak-berjalan-139/
Paket saya tidak bergerak,https://tanyapaket.cekresi.com/question/paket-saya-tidak-bergerak-246/
Paket saya ada di mana,https://tanyapaket.cekresi.com/question/paket-saya-ada-di-mana-2/
Paket saya belum sampai tapi di keterangan sudah diterima pihak keluarga,https://tanyapaket.cekresi.com/question/paket-saya-belum-sampai-tapi-di-keterangan-sudah-diterima-pihak-keluarga/
paket tidak bergerak dari tgl 10 maret,https://tanyapaket.cekresi.com/question/paket-tidak-bergerak-dari-tgl-10-maret/
"Paket Stuck di Pontianak DC, dan Update terbarunya tidak jelas!",https://tanyapaket.cekresi.com/question/paket-stuck-di-pontianak-dc-dan-update-terbarunya-tidak-jelas/
"paket JNE tidak bergerak, nomor resi TKP01-TGMQ8QUD",https://tanyapaket.cekresi.com/question/paket-jne-tidak-bergerak-nomor-resi-tkp01-tgmq8qud/
Paket tidak bergerak,https://tanyapaket.cekresi.com/question/paket-tidak-bergerak-7890/
Paket tidak bergerak dari 08 maret 2024,https://tanyapaket.cekresi.com/question/paket-tidak-bergerak-dari-08-maret-2024/
paket tidak bergerak,https://tanyapaket.cekresi.com/question/paket-tidak-bergerak-7889/
Paket Tidak bergerak,https://tanyapaket.cekresi.com/question/paket-tidak-bergerak-7888/
"Cek resi JNE tidak muncul, bisa dibantu?",https://tanyapaket.cekresi.com/question/cek-resi-jne-tidak-muncul-bisa-dibantu/
paket tidak sampai resi JP9793448051,https://tanyapaket.cekresi.com/question/paket-tidak-sampai-resi-jp9793448051/
paket tidak bergerak dari 8 maret,https://tanyapaket.cekresi.com/question/paket-tidak-bergerak-dari-8-maret/
Tanya paket,https://tanyapaket.cekresi.com/question/tanya-paket-2692/
Paket tidak bergerak,https://tanyapaket.cekresi.com/question/paket-tidak-bergerak-7887/
Paket tidak berjalan sudah 6 hari masih stuck,https://tanyapaket.cekresi.com/question/paket-tidak-berjalan-sudah-6-hari-masih-stuck/
paket say kemapa sudah sampai bandar lampung tetapi balik lagi diantar ke jakarta,https://tanyapaket.cekresi.com/question/paket-say-kemapa-sudah-sampai-bandar-lampung-tetapi-balik-lagi-diantar-ke-jakarta/
Paket tidak bergerak,https://tanyapaket.cekresi.com/question/paket-tidak-bergerak-7886/
Laporan pengiriman tidak bergerak,https://tanyapaket.cekresi.com/question/laporan-pengiriman-tidak-bergerak/
Keterlambatan pick up,https://tanyapaket.cekresi.com/question/keterlambatan-pick-up/
"Resi JD0374726531 Terlalu lama, bahkan tidak bergerak beberapa hari, padahal j&t express",https://tanyapaket.cekresi.com/question/resi-jd0374726531-terlalu-lama-bahkan-tidak-bergerak-beberapa-hari-padahal-jt-express/
Paket tidak bergerak,https://tanyapaket.cekresi.com/question/paket-tidak-bergerak-7885/
Paket tidak bergerak,https://tanyapaket.cekresi.com/question/paket-tidak-bergerak-7884/
Paket Belum Sampai Resi 022950002104124,https://tanyapaket.cekresi.com/question/paket-belum-sampai-resi-022950002104124/
Paket belum datang dengan resi 631480003786124,https://tanyapaket.cekresi.com/question/paket-belum-datang-dengan-resi-631480003786124/
Paket JNE Cargo status bermasalah,https://tanyapaket.cekresi.com/question/paket-jne-cargo-status-bermasalah/
Kurir SAPX tidak antar barang setelah masuk sorting center,https://tanyapaket.cekresi.com/question/kurir-sapx-tidak-antar-barang-setelah-masuk-sorting-center/
Paket tidak bergerak dari tanggal 9 maret,https://tanyapaket.cekresi.com/question/paket-tidak-bergerak-dari-tanggal-9-maret-3/
Paket belum bergerak dari tanggal 12 Maret 2024,https://tanyapaket.cekresi.com/question/paket-belum-bergerak-dari-tanggal-12-maret-2024/
Tolong segera dikirim paket dg resi JX0206746480,https://tanyapaket.cekresi.com/question/tolong-segera-dikirim-paket-dg-resi-jx0206746480/
paket J&T Cargo 200445004547,https://tanyapaket.cekresi.com/question/paket-jt-cargo-200445004547/
Apa arti status paket dikembalikan di [nama daerah,https://tanyapaket.cekresi.com/question/apa-arti-status-paket-dikembalikan-di-nama-daerah/
paket tidak bisa dilacak no resi SEN1C520331424,https://tanyapaket.cekresi.com/question/paket-tidak-bisa-dilacak-no-resi-sen1c520331424/
Paket saya dengan nomor resi JD0341459966 kenapa belom sampai,https://tanyapaket.cekresi.com/question/paket-saya-dengan-nomor-resi-jd0341459966-kenapa-belom-sampai/
Tanya paket,https://tanyapaket.cekresi.com/question/tanya-paket-2691/
paket tidak bergerak,https://tanyapaket.cekresi.com/question/paket-tidak-bergerak-7883/
Paket J&T Ekspres nomor resi JX0224059820 sampai mana?,https://tanyapaket.cekresi.com/question/paket-jt-ekspres-nomor-resi-jx0224059820-sampai-mana/
Paket tidak bergerak,https://tanyapaket.cekresi.com/question/paket-tidak-bergerak-7882/
Kirim paket saya dengan resi jd0376174388,https://tanyapaket.cekresi.com/question/kirim-paket-saya-dengan-resi-jd0376174388/
Paket tidak bergerak,https://tanyapaket.cekresi.com/question/paket-tidak-bergerak-7881/
Paket tidak bergerak dari tanggal 12 maret,https://tanyapaket.cekresi.com/question/paket-tidak-bergerak-dari-tanggal-12-maret/
Tolong paket segera di kirim dengan no. Resi JD0376549884,https://tanyapaket.cekresi.com/question/tolong-paket-segera-di-kirim-dengan-no-resi-jd0376549884/
Paket ga bergerak & terlalu lama,https://tanyapaket.cekresi.com/question/paket-ga-bergerak-terlalu-lama/
Paket belum datang sampe tanggal yg ditentukan,https://tanyapaket.cekresi.com/question/paket-belum-datang-sampe-tanggal-yg-ditentukan/
Paket Rusak Parah,https://tanyapaket.cekresi.com/question/paket-rusak-parah/
Paket tidak bergerak,https://tanyapaket.cekresi.com/question/paket-tidak-bergerak-7880/
"Paket belum terima,resi:200447039966",https://tanyapaket.cekresi.com/question/paket-belum-terimaresi200447039966/
No 10008497915764 paket belum sampai melebihi tanggal maksimal waktunya,https://tanyapaket.cekresi.com/question/no-10008497915764-paket-belum-sampai-melebihi-tanggal-maksimal-waktunya/
Paket belum sampai,https://tanyapaket.cekresi.com/question/paket-belum-sampai-2451/
Paket berhenti dari tgl 10 Maret,https://tanyapaket.cekresi.com/question/paket-berhenti-dari-tgl-10-maret/
Melacak paket Medali dan Piagam cetak dari Divya competition,https://tanyapaket.cekresi.com/question/melacak-paket-medali-dan-piagam-cetak-dari-divya-competition/
Paket tidak bergerak,https://tanyapaket.cekresi.com/question/paket-tidak-bergerak-7879/
No. Resi 640940004209323 Not Found,https://tanyapaket.cekresi.com/question/no-resi-640940004209323-not-found/
Paket tidak bergerak,https://tanyapaket.cekresi.com/question/paket-tidak-bergerak-7878/
paket tidak bergerak dari tgl 6,https://tanyapaket.cekresi.com/question/paket-tidak-bergerak-dari-tgl-6-4/
Tolong kirim segera paket dengan resi JD0375721911,https://tanyapaket.cekresi.com/question/tolong-kirim-segera-paket-dengan-resi-jd0375721911/
Resi tidak bisa di lacak no resi JX2252011210,https://tanyapaket.cekresi.com/question/resi-tidak-bisa-di-lacak-no-resi-jx2252011210/
Paket No JNEB-1011615038 tidak bergerak dari tanggal 10 Maret,https://tanyapaket.cekresi.com/question/paket-no-jneb-1011615038-tidak-bergerak-dari-tanggal-10-maret/
paket udah 4 hari gagal pengiriman,https://tanyapaket.cekresi.com/question/paket-udah-4-hari-gagal-pengiriman/
paket saya udah 4 hari status pengiriman gagal pengiriman terus no resi 10008491114200,https://tanyapaket.cekresi.com/question/paket-saya-udah-4-hari-status-pengiriman-gagal-pengiriman-terus-no-resi-10008491114200/
paket belum sampai sudah maksimal tgl estimasi,https://tanyapaket.cekresi.com/question/paket-belum-sampai-sudah-maksimal-tgl-estimasi-2/
Paket No JT81695896977,https://tanyapaket.cekresi.com/question/paket-no-jt81695896977/
Cilacap Jawa Tengah,https://tanyapaket.cekresi.com/question/cilacap-jawa-tengah/
Pengiriman Blm sampai,https://tanyapaket.cekresi.com/question/pengiriman-blm-sampai-2/
Pengiriman Barang Gagal,https://tanyapaket.cekresi.com/question/pengiriman-barang-gagal-2/
Paket dr tgl 9 maret berhenti,https://tanyapaket.cekresi.com/question/paket-dr-tgl-9-maret-berhenti/
Paket tidak bergerak,https://tanyapaket.cekresi.com/question/paket-tidak-bergerak-7877/
140360002116124 JNE Trucking status berhenti di tanggal 5 Maret 2024,https://tanyapaket.cekresi.com/question/140360002116124-jne-trucking-status-berhenti-di-tanggal-5-maret-2024/
Paket belum sampai,https://tanyapaket.cekresi.com/question/paket-belum-sampai-2450/
Kenapa paket tidak bergerak,https://tanyapaket.cekresi.com/question/kenapa-paket-tidak-bergerak-46/
Minta bukti pengiriman dengan nomor resi JX0196944727,https://tanyapaket.cekresi.com/question/minta-bukti-pengiriman-dengan-nomor-resi-jx0196944727/
Paket tak bergerak,https://tanyapaket.cekresi.com/question/paket-tak-bergerak-62/
Paket tidak bergerak JNAC-0042065956,https://tanyapaket.cekresi.com/question/paket-tidak-bergerak-jnac-0042065956/
Paket belum sampai sudah maksimal tgl estimasi,https://tanyapaket.cekresi.com/question/paket-belum-sampai-sudah-maksimal-tgl-estimasi/
Paket tidak bergerak,https://tanyapaket.cekresi.com/question/paket-tidak-bergerak-7876/
Paket dengan resi JT48584137546 stuck dipekanbaru sudah 3 hari tidak jalan,https://tanyapaket.cekresi.com/question/paket-dengan-resi-jt48584137546-stuck-dipekanbaru-sudah-3-hari-tidak-jalan/
Resi 004286033537 Pengiriman lama,https://tanyapaket.cekresi.com/question/resi-004286033537-pengiriman-lama/
Sudah dibawa Kurier atau belum?,https://tanyapaket.cekresi.com/question/sudah-dibawa-kurier-atau-belum/
"Paket belum nyampe sampai sekarang, 5 hari posisi masih di daerah jakarta",https://tanyapaket.cekresi.com/question/paket-belum-nyampe-sampai-sekarang-5-hari-posisi-masih-di-daerah-jakarta/
Paket stucuk sudah 3 hari tidak jalan,https://tanyapaket.cekresi.com/question/paket-stucuk-sudah-3-hari-tidak-jalan/
paket tidak bergerak,https://tanyapaket.cekresi.com/question/paket-tidak-bergerak-7875/
Paket tidak bergerak dan sudah sampai tanggal estimasi JT74293342513 jne,https://tanyapaket.cekresi.com/question/paket-tidak-bergerak-dan-sudah-sampai-tanggal-estimasi-jt74293342513-jne/
Lacak pengiriman,https://tanyapaket.cekresi.com/question/lacak-pengiriman-17/
Paket tidak jalan,https://tanyapaket.cekresi.com/question/paket-tidak-jalan-233/
Sudah 4 hari tak Sampai,https://tanyapaket.cekresi.com/question/sudah-4-hari-tak-sampai/
9 hari paket blom sampai,https://tanyapaket.cekresi.com/question/9-hari-paket-blom-sampai/
Status paket kok gak berubah dan sudah 4 hari blm sampai,https://tanyapaket.cekresi.com/question/status-paket-kok-gak-berubah-dan-sudah-4-hari-blm-sampai/
Paket sthck,https://tanyapaket.cekresi.com/question/paket-sthck/
kenapa Paket tidak bergerak?JNEB-1011434834,https://tanyapaket.cekresi.com/question/kenapa-paket-tidak-bergerakjneb-1011434834/
Paket belum sampai,https://tanyapaket.cekresi.com/question/paket-belum-sampai-2449/
pket sya manaa,https://tanyapaket.cekresi.com/question/pket-sya-manaa/
Paket ZYLZBCCE stuck,https://tanyapaket.cekresi.com/question/paket-zylzbcce-stuck/
paket sudah sampai mana resi JD0375266951,https://tanyapaket.cekresi.com/question/paket-sudah-sampai-mana-resi-jd0375266951/
Paket sdh 3 hari stuck tidak dikirim dari pusat sortir lampung,https://tanyapaket.cekresi.com/question/paket-sdh-3-hari-stuck-tidak-dikirim-dari-pusat-sortir-lampung/
Paket dengan resi 350180000571624 jne sama sekali tidak bergerak,https://tanyapaket.cekresi.com/question/paket-dengan-resi-350180000571624-jne-sama-sekali-tidak-bergerak/
No resi tidak dapat terbaca,https://tanyapaket.cekresi.com/question/no-resi-tidak-dapat-terbaca/
Paket macet/stuck,https://tanyapaket.cekresi.com/question/paket-macet-stuck/
Paket tidak gerak,https://tanyapaket.cekresi.com/question/paket-tidak-gerak-128/
Paket dengan nomer resi NLIDAP1742277173 tidak bergerak,https://tanyapaket.cekresi.com/question/paket-dengan-nomer-resi-nlidap1742277173-tidak-bergerak/
Paket tidak jalan,https://tanyapaket.cekresi.com/question/paket-tidak-jalan-232/
Pesanan saya no.resi SPXID048310404933 belum sampai.,https://tanyapaket.cekresi.com/question/pesanan-saya-no-resi-spxid048310404933-belum-sampai/
Paket tidak jalan,https://tanyapaket.cekresi.com/question/paket-tidak-jalan-231/
"Paket TLJR3D4PVGYN5C69 tidak bergerak sejak tgl 5 maret 2024, mohon di bantu.",https://tanyapaket.cekresi.com/question/paket-tljr3d4pvgyn5c69-tidak-bergerak-sejak-tgl-5-maret-2024-mohon-di-bantu/
Paket Stuck di Gudang Jakarta Timur,https://tanyapaket.cekresi.com/question/paket-stuck-di-gudang-jakarta-timur/
Paket saya lama tidak dikirim,https://tanyapaket.cekresi.com/question/paket-saya-lama-tidak-dikirim/
Status paket ga update,https://tanyapaket.cekresi.com/question/status-paket-ga-update-2/
